Year | Année,NPRI ID | ID INRP,Company Name | Raison Sociale,Facility Name | Nom de l'installation,City | Ville,CSD | SDR,CA or CMA | AR ou RMR,Economic Region | Région économique,Province | Province,Latitude | Latitude,Longitude | Longitude,Substance Name (English) | Nom de substance (Anglais),Substance Name (French) | Nom de substance (Français),Units | Unités,Stack Emissions | Émissions de cheminées,Direct Discharge | Évacuations directes,Footnotes | Notes de bas de page,,
2021,1147,Cameco,Rabbit Lake,Saskatoon,,,,SK,58.1978,-103.7136,Uranium,Uranium,kg,NRM | NRS,68.9,,,
2021,1147,Cameco,Rabbit Lake,Saskatoon,,,,SK,58.1978,-103.7136,Thorium-230,Thorium-230,MBq,NRM | NRS,57.5,,,
2021,1147,Cameco,Rabbit Lake,Saskatoon,,,,SK,58.1978,-103.7136,Radium-226,Radium-226,MBq,NRM | NRS,22.6,,,
2021,1147,Cameco,Rabbit Lake,Saskatoon,,,,SK,58.1978,-103.7136,Lead-210,Plomb-210,MBq,NRM | NRS,76.6,,,
2021,1147,Cameco,Rabbit Lake,Saskatoon,,,,SK,58.1978,-103.7136,Polonium-210,Polonium-210,MBq,NRM | NRS,43.1,,,
2021,1148,Cameco,Key Lake,Saskatoon,,,,SK,57.2067,-105.6592,Uranium,Uranium,kg,NRM | NRS,49.1,,,
2021,1148,Cameco,Key Lake,Saskatoon,,,,SK,57.2067,-105.6592,Thorium-230,Thorium-230,MBq,NRM | NRS,23.7,,,
2021,1148,Cameco,Key Lake,Saskatoon,,,,SK,57.2067,-105.6592,Radium-226,Radium-226,MBq,NRM | NRS,42.1,,,
2021,1148,Cameco,Key Lake,Saskatoon,,,,SK,57.2067,-105.6592,Lead-210,Plomb-210,MBq,NRM | NRS,27.2,,,
2021,1148,Cameco,Key Lake,Saskatoon,,,,SK,57.2067,-105.6592,Polonium-210,Polonium-210,MBq,NRM | NRS,35.5,,,
2021,1149,Cameco,McArthur River,Saskatoon,,,,SK,57.7625,-105.0519,Uranium,Uranium,kg,NRM | NRS,18.5,,,
2021,1149,Cameco,McArthur River,Saskatoon,,,,SK,57.7625,-105.0519,Thorium-230,Thorium-230,MBq,NRM | NRS,26.2,,,
2021,1149,Cameco,McArthur River,Saskatoon,,,,SK,57.7625,-105.0519,Radium-226,Radium-226,MBq,NRM | NRS,106.7,,,
2021,1149,Cameco,McArthur River,Saskatoon,,,,SK,57.7625,-105.0519,Lead-210,Plomb-210,MBq,NRM | NRS,56.1,,,
2021,1149,Cameco,McArthur River,Saskatoon,,,,SK,57.7625,-105.0519,Polonium-210,Polonium-210,MBq,NRM | NRS,14.7,,,
2021,19397,Cameco,Cigar Lake,Saskatoon,,,,SK,58.0686,-104.5406,Uranium,Uranium,kg,NRM | NRS,0.0,,,
2021,19397,Cameco,Cigar Lake,Saskatoon,,,,SK,58.0686,-104.5406,Thorium-230,Thorium-230,MBq,NRM | NRS,3.5,,,
2021,19397,Cameco,Cigar Lake,Saskatoon,,,,SK,58.0686,-104.5406,Radium-226,Radium-226,MBq,NRM | NRS,2.3,,,
2021,19397,Cameco,Cigar Lake,Saskatoon,,,,SK,58.0686,-104.5406,Lead-210,Plomb-210,MBq,NRM | NRS,7.7,,,
2021,19397,Cameco,Cigar Lake,Saskatoon,,,,SK,58.0686,-104.5406,Polonium-210,Polonium-210,MBq,NRM | NRS,3.5,,,
2021,4866,Orano,McClean Lake,Saskatoon,,,,SK,58.2611,-103.8025,Uranium,Uranium,kg,NRM | NRS,10.2,,,
2021,4866,Orano,McClean Lake,Saskatoon,,,,SK,58.2611,-103.8025,Thorium-230,Thorium-230,MBq,NRM | NRS,18.1,,,
2021,4866,Orano,McClean Lake,Saskatoon,,,,SK,58.2611,-103.8025,Radium-226,Radium-226,MBq,NRM | NRS,17.8,,,
2021,4866,Orano,McClean Lake,Saskatoon,,,,SK,58.2611,-103.8025,Lead-210,Plomb-210,MBq,NRM | NRS,34.3,,,
2021,4866,Orano,McClean Lake,Saskatoon,,,,SK,58.2611,-103.8025,Polonium-210,Polonium-210,MBq,NRM | NRS,20.2,,,
2020,1147,Cameco,Rabbit Lake,Saskatoon,,,,SK,58.1978,-103.7136,Uranium,Uranium,kg,NRM | NRS,80.3,,,
2020,1147,Cameco,Rabbit Lake,Saskatoon,,,,SK,58.1978,-103.7136,Thorium-230,Thorium-230,MBq,NRM | NRS,75.6,,,
2020,1147,Cameco,Rabbit Lake,Saskatoon,,,,SK,58.1978,-103.7136,Radium-226,Radium-226,MBq,NRM | NRS,24.0,,,
2020,1147,Cameco,Rabbit Lake,Saskatoon,,,,SK,58.1978,-103.7136,Lead-210,Plomb-210,MBq,NRM | NRS,75.6,,,
2020,1147,Cameco,Rabbit Lake,Saskatoon,,,,SK,58.1978,-103.7136,Polonium-210,Polonium-210,MBq,NRM | NRS,32.1,,,
2020,1148,Cameco,Key Lake,Saskatoon,,,,SK,57.2067,-105.6592,Uranium,Uranium,kg,NRM | NRS,32.1,,,
2020,1148,Cameco,Key Lake,Saskatoon,,,,SK,57.2067,-105.6592,Thorium-230,Thorium-230,MBq,NRM | NRS,77.0,,,
2020,1148,Cameco,Key Lake,Saskatoon,,,,SK,57.2067,-105.6592,Radium-226,Radium-226,MBq,NRM | NRS,44.1,,,
2020,1148,Cameco,Key Lake,Saskatoon,,,,SK,57.2067,-105.6592,Lead-210,Plomb-210,MBq,NRM | NRS,53.9,,,
2020,1148,Cameco,Key Lake,Saskatoon,,,,SK,57.2067,-105.6592,Polonium-210,Polonium-210,MBq,NRM | NRS,15.4,,,
2020,1149,Cameco,McArthur River,Saskatoon,,,,SK,57.7625,-105.0519,Uranium,Uranium,kg,NRM | NRS,20.0,,,
2020,1149,Cameco,McArthur River,Saskatoon,,,,SK,57.7625,-105.0519,Thorium-230,Thorium-230,MBq,NRM | NRS,25.2,,,
2020,1149,Cameco,McArthur River,Saskatoon,,,,SK,57.7625,-105.0519,Radium-226,Radium-226,MBq,NRM | NRS,158.5,,,
2020,1149,Cameco,McArthur River,Saskatoon,,,,SK,57.7625,-105.0519,Lead-210,Plomb-210,MBq,NRM | NRS,56.7,,,
2020,1149,Cameco,McArthur River,Saskatoon,,,,SK,57.7625,-105.0519,Polonium-210,Polonium-210,MBq,NRM | NRS,12.9,,,
2020,19397,Cameco,Cigar Lake,Saskatoon,,,,SK,58.0686,-104.5406,Uranium,Uranium,kg,NRM | NRS,0.1,,,
2020,19397,Cameco,Cigar Lake,Saskatoon,,,,SK,58.0686,-104.5406,Thorium-230,Thorium-230,MBq,NRM | NRS,3.7,,,
2020,19397,Cameco,Cigar Lake,Saskatoon,,,,SK,58.0686,-104.5406,Radium-226,Radium-226,MBq,NRM | NRS,2.5,,,
2020,19397,Cameco,Cigar Lake,Saskatoon,,,,SK,58.0686,-104.5406,Lead-210,Plomb-210,MBq,NRM | NRS,7.3,,,
2020,19397,Cameco,Cigar Lake,Saskatoon,,,,SK,58.0686,-104.5406,Polonium-210,Polonium-210,MBq,NRM | NRS,11.9,,,
2020,4866,Orano,McClean Lake,Saskatoon,,,,SK,58.2611,-103.8025,Uranium,Uranium,kg,NRM | NRS,4.9,,,
2020,4866,Orano,McClean Lake,Saskatoon,,,,SK,58.2611,-103.8025,Thorium-230,Thorium-230,MBq,NRM | NRS,15.6,,,
2020,4866,Orano,McClean Lake,Saskatoon,,,,SK,58.2611,-103.8025,Radium-226,Radium-226,MBq,NRM | NRS,15.9,,,
2020,4866,Orano,McClean Lake,Saskatoon,,,,SK,58.2611,-103.8025,Lead-210,Plomb-210,MBq,NRM | NRS,31.2,,,
2020,4866,Orano,McClean Lake,Saskatoon,,,,SK,58.2611,-103.8025,Polonium-210,Polonium-210,MBq,NRM | NRS,21.7,,,
2019,1147,Cameco,Rabbit Lake,Saskatoon,,,,SK,58.1978,-103.7136,Uranium,Uranium,kg,NRM | NRS,106.1,,,
2019,1147,Cameco,Rabbit Lake,Saskatoon,,,,SK,58.1978,-103.7136,Thorium-230,Thorium-230,MBq,NRM | NRS,78.6,,,
2019,1147,Cameco,Rabbit Lake,Saskatoon,,,,SK,58.1978,-103.7136,Radium-226,Radium-226,MBq,NRM | NRS,25.2,,,
2019,1147,Cameco,Rabbit Lake,Saskatoon,,,,SK,58.1978,-103.7136,Lead-210,Plomb-210,MBq,NRM | NRS,196.6,,,
2019,1147,Cameco,Rabbit Lake,Saskatoon,,,,SK,58.1978,-103.7136,Polonium-210,Polonium-210,MBq,NRM | NRS,78.6,,,
2019,1148,Cameco,Key Lake,Saskatoon,,,,SK,57.2067,-105.6592,Uranium,Uranium,kg,NRM | NRS,43.8,,,
2019,1148,Cameco,Key Lake,Saskatoon,,,,SK,57.2067,-105.6592,Thorium-230,Thorium-230,MBq,NRM | NRS,24.5,,,
2019,1148,Cameco,Key Lake,Saskatoon,,,,SK,57.2067,-105.6592,Radium-226,Radium-226,MBq,NRM | NRS,134.2,,,
2019,1148,Cameco,Key Lake,Saskatoon,,,,SK,57.2067,-105.6592,Lead-210,Plomb-210,MBq,NRM | NRS,24.5,,,
2019,1148,Cameco,Key Lake,Saskatoon,,,,SK,57.2067,-105.6592,Polonium-210,Polonium-210,MBq,NRM | NRS,7.3,,,
2019,1149,Cameco,McArthur River,Saskatoon,,,,SK,57.7625,-105.0519,Uranium,Uranium,kg,NRM | NRS,21.1,,,
2019,1149,Cameco,McArthur River,Saskatoon,,,,SK,57.7625,-105.0519,Thorium-230,Thorium-230,MBq,NRM | NRS,25.2,,,
2019,1149,Cameco,McArthur River,Saskatoon,,,,SK,57.7625,-105.0519,Radium-226,Radium-226,MBq,NRM | NRS,168.1,,,
2019,1149,Cameco,McArthur River,Saskatoon,,,,SK,57.7625,-105.0519,Lead-210,Plomb-210,MBq,NRM | NRS,50.3,,,
2019,1149,Cameco,McArthur River,Saskatoon,,,,SK,57.7625,-105.0519,Polonium-210,Polonium-210,MBq,NRM | NRS,12.9,,,
2019,19397,Cameco,Cigar Lake,Saskatoon,,,,SK,58.0686,-104.5406,Uranium,Uranium,kg,NRM | NRS,0.2,,,
2019,19397,Cameco,Cigar Lake,Saskatoon,,,,SK,58.0686,-104.5406,Thorium-230,Thorium-230,MBq,NRM | NRS,3.4,,,
2019,19397,Cameco,Cigar Lake,Saskatoon,,,,SK,58.0686,-104.5406,Radium-226,Radium-226,MBq,NRM | NRS,2.8,,,
2019,19397,Cameco,Cigar Lake,Saskatoon,,,,SK,58.0686,-104.5406,Lead-210,Plomb-210,MBq,NRM | NRS,6.7,,,
2019,19397,Cameco,Cigar Lake,Saskatoon,,,,SK,58.0686,-104.5406,Polonium-210,Polonium-210,MBq,NRM | NRS,12.9,,,
2019,4866,Orano,McClean Lake,Saskatoon,,,,SK,58.2611,-103.8025,Uranium,Uranium,kg,NRM | NRS,5.9,,,
2019,4866,Orano,McClean Lake,Saskatoon,,,,SK,58.2611,-103.8025,Thorium-230,Thorium-230,MBq,NRM | NRS,17.1,,,
2019,4866,Orano,McClean Lake,Saskatoon,,,,SK,58.2611,-103.8025,Radium-226,Radium-226,MBq,NRM | NRS,10.3,,,
2019,4866,Orano,McClean Lake,Saskatoon,,,,SK,58.2611,-103.8025,Lead-210,Plomb-210,MBq,NRM | NRS,33.3,,,
2019,4866,Orano,McClean Lake,Saskatoon,,,,SK,58.2611,-103.8025,Polonium-210,Polonium-210,MBq,NRM | NRS,37.0,,,
2018,1147,Cameco,Rabbit Lake,Saskatoon,,,,SK,58.1978,-103.7136,Uranium,Uranium,kg,NRM | NRS,135.8,,,
2018,1147,Cameco,Rabbit Lake,Saskatoon,,,,SK,58.1978,-103.7136,Thorium-230,Thorium-230,MBq,NRM | NRS,84.4,,,
2018,1147,Cameco,Rabbit Lake,Saskatoon,,,,SK,58.1978,-103.7136,Radium-226,Radium-226,MBq,NRM | NRS,26.4,,,
2018,1147,Cameco,Rabbit Lake,Saskatoon,,,,SK,58.1978,-103.7136,Lead-210,Plomb-210,MBq,NRM | NRS,337.5,,,
2018,1147,Cameco,Rabbit Lake,Saskatoon,,,,SK,58.1978,-103.7136,Polonium-210,Polonium-210,MBq,NRM | NRS,84.4,,,
2018,1148,Cameco,Key Lake,Saskatoon,,,,SK,57.2067,-105.6592,Uranium,Uranium,kg,NRM | NRS,26.4,,,
2018,1148,Cameco,Key Lake,Saskatoon,,,,SK,57.2067,-105.6592,Thorium-230,Thorium-230,MBq,NRM | NRS,31.5,,,
2018,1148,Cameco,Key Lake,Saskatoon,,,,SK,57.2067,-105.6592,Radium-226,Radium-226,MBq,NRM | NRS,120.6,,,
2018,1148,Cameco,Key Lake,Saskatoon,,,,SK,57.2067,-105.6592,Lead-210,Plomb-210,MBq,NRM | NRS,27.0,,,
2018,1148,Cameco,Key Lake,Saskatoon,,,,SK,57.2067,-105.6592,Polonium-210,Polonium-210,MBq,NRM | NRS,7.3,,,
2018,1149,Cameco,McArthur River,Saskatoon,,,,SK,57.7625,-105.0519,Uranium,Uranium,kg,NRM | NRS,16.0,,,
2018,1149,Cameco,McArthur River,Saskatoon,,,,SK,57.7625,-105.0519,Thorium-230,Thorium-230,MBq,NRM | NRS,24.9,,,
2018,1149,Cameco,McArthur River,Saskatoon,,,,SK,57.7625,-105.0519,Radium-226,Radium-226,MBq,NRM | NRS,187.9,,,
2018,1149,Cameco,McArthur River,Saskatoon,,,,SK,57.7625,-105.0519,Lead-210,Plomb-210,MBq,NRM | NRS,49.7,,,
2018,1149,Cameco,McArthur River,Saskatoon,,,,SK,57.7625,-105.0519,Polonium-210,Polonium-210,MBq,NRM | NRS,22.8,,,
2018,19397,Cameco,Cigar Lake,Saskatoon,,,,SK,58.0686,-104.5406,Uranium,Uranium,kg,NRM | NRS,0.2,,,
2018,19397,Cameco,Cigar Lake,Saskatoon,,,,SK,58.0686,-104.5406,Thorium-230,Thorium-230,MBq,NRM | NRS,3.6,,,
2018,19397,Cameco,Cigar Lake,Saskatoon,,,,SK,58.0686,-104.5406,Radium-226,Radium-226,MBq,NRM | NRS,2.3,,,
2018,19397,Cameco,Cigar Lake,Saskatoon,,,,SK,58.0686,-104.5406,Lead-210,Plomb-210,MBq,NRM | NRS,7.2,,,
2018,19397,Cameco,Cigar Lake,Saskatoon,,,,SK,58.0686,-104.5406,Polonium-210,Polonium-210,MBq,NRM | NRS,3.4,,,
2018,4866,Orano,McClean Lake,Saskatoon,,,,SK,58.2611,-103.8025,Uranium,Uranium,kg,NRM | NRS,9.9,,,
2018,4866,Orano,McClean Lake,Saskatoon,,,,SK,58.2611,-103.8025,Thorium-230,Thorium-230,MBq,NRM | NRS,21.2,,,
2018,4866,Orano,McClean Lake,Saskatoon,,,,SK,58.2611,-103.8025,Radium-226,Radium-226,MBq,NRM | NRS,13.5,,,
2018,4866,Orano,McClean Lake,Saskatoon,,,,SK,58.2611,-103.8025,Lead-210,Plomb-210,MBq,NRM | NRS,86.1,,,
2018,4866,Orano,McClean Lake,Saskatoon,,,,SK,58.2611,-103.8025,Polonium-210,Polonium-210,MBq,NRM | NRS,32.7,,,
2017,1147,Cameco,Rabbit Lake,Saskatoon,,,,SK,58.1978,-103.7136,Uranium,Uranium,kg,NRM | NRS,274.0,,,
2017,1147,Cameco,Rabbit Lake,Saskatoon,,,,SK,58.1978,-103.7136,Thorium-230,Thorium-230,MBq,NRM | NRS,117.0,,,
2017,1147,Cameco,Rabbit Lake,Saskatoon,,,,SK,58.1978,-103.7136,Radium-226,Radium-226,MBq,NRM | NRS,25.6,,,
2017,1147,Cameco,Rabbit Lake,Saskatoon,,,,SK,58.1978,-103.7136,Lead-210,Plomb-210,MBq,NRM | NRS,311.9,,,
2017,1147,Cameco,Rabbit Lake,Saskatoon,,,,SK,58.1978,-103.7136,Polonium-210,Polonium-210,MBq,NRM | NRS,78.0,,,
2017,1148,Cameco,Key Lake,Saskatoon,,,,SK,57.2067,-105.6592,Uranium,Uranium,kg,NRM | NRS,13.8,,,
2017,1148,Cameco,Key Lake,Saskatoon,,,,SK,57.2067,-105.6592,Thorium-230,Thorium-230,MBq,NRM | NRS,69.2,,,
2017,1148,Cameco,Key Lake,Saskatoon,,,,SK,57.2067,-105.6592,Radium-226,Radium-226,MBq,NRM | NRS,84.8,,,
2017,1148,Cameco,Key Lake,Saskatoon,,,,SK,57.2067,-105.6592,Lead-210,Plomb-210,MBq,NRM | NRS,23.8,,,
2017,1148,Cameco,Key Lake,Saskatoon,,,,SK,57.2067,-105.6592,Polonium-210,Polonium-210,MBq,NRM | NRS,7.7,,,
2017,1149,Cameco,McArthur River,Saskatoon,,,,SK,57.7625,-105.0519,Uranium,Uranium,kg,NRM | NRS,13.1,,,
2017,1149,Cameco,McArthur River,Saskatoon,,,,SK,57.7625,-105.0519,Thorium-230,Thorium-230,MBq,NRM | NRS,26.6,,,
2017,1149,Cameco,McArthur River,Saskatoon,,,,SK,57.7625,-105.0519,Radium-226,Radium-226,MBq,NRM | NRS,182.1,,,
2017,1149,Cameco,McArthur River,Saskatoon,,,,SK,57.7625,-105.0519,Lead-210,Plomb-210,MBq,NRM | NRS,53.3,,,
2017,1149,Cameco,McArthur River,Saskatoon,,,,SK,57.7625,-105.0519,Polonium-210,Polonium-210,MBq,NRM | NRS,97.5,,,
2017,19397,Cameco,Cigar Lake,Saskatoon,,,,SK,58.0686,-104.5406,Uranium,Uranium,kg,NRM | NRS,0.7,,,
2017,19397,Cameco,Cigar Lake,Saskatoon,,,,SK,58.0686,-104.5406,Thorium-230,Thorium-230,MBq,NRM | NRS,3.3,,,
2017,19397,Cameco,Cigar Lake,Saskatoon,,,,SK,58.0686,-104.5406,Radium-226,Radium-226,MBq,NRM | NRS,3.1,,,
2017,19397,Cameco,Cigar Lake,Saskatoon,,,,SK,58.0686,-104.5406,Lead-210,Plomb-210,MBq,NRM | NRS,9.3,,,
2017,19397,Cameco,Cigar Lake,Saskatoon,,,,SK,58.0686,-104.5406,Polonium-210,Polonium-210,MBq,NRM | NRS,4.9,,,
2017,4866,Orano,McClean Lake,Saskatoon,,,,SK,58.2611,-103.8025,Uranium,Uranium,kg,NRM | NRS,5.7,,,
2017,4866,Orano,McClean Lake,Saskatoon,,,,SK,58.2611,-103.8025,Thorium-230,Thorium-230,MBq,NRM | NRS,18.8,,,
2017,4866,Orano,McClean Lake,Saskatoon,,,,SK,58.2611,-103.8025,Radium-226,Radium-226,MBq,NRM | NRS,11.7,,,
2017,4866,Orano,McClean Lake,Saskatoon,,,,SK,58.2611,-103.8025,Lead-210,Plomb-210,MBq,NRM | NRS,88.5,,,
2017,4866,Orano,McClean Lake,Saskatoon,,,,SK,58.2611,-103.8025,Polonium-210,Polonium-210,MBq,NRM | NRS,30.8,,,
2016,1147,Cameco,Rabbit Lake,Saskatoon,,,,SK,58.1978,-103.7136,Uranium,Uranium,kg,NRM | NRS,326.9,,,
2016,1147,Cameco,Rabbit Lake,Saskatoon,,,,SK,58.1978,-103.7136,Thorium-230,Thorium-230,MBq,NRM | NRS,89.9,,,
2016,1147,Cameco,Rabbit Lake,Saskatoon,,,,SK,58.1978,-103.7136,Radium-226,Radium-226,MBq,NRM | NRS,32.9,,,
2016,1147,Cameco,Rabbit Lake,Saskatoon,,,,SK,58.1978,-103.7136,Lead-210,Plomb-210,MBq,NRM | NRS,359.6,,,
2016,1147,Cameco,Rabbit Lake,Saskatoon,,,,SK,58.1978,-103.7136,Polonium-210,Polonium-210,MBq,NRM | NRS,89.9,,,
2016,1148,Cameco,Key Lake,Saskatoon,,,,SK,57.2067,-105.6592,Uranium,Uranium,kg,NRM | NRS,20.1,,,
2016,1148,Cameco,Key Lake,Saskatoon,,,,SK,57.2067,-105.6592,Thorium-230,Thorium-230,MBq,NRM | NRS,77.0,,,
2016,1148,Cameco,Key Lake,Saskatoon,,,,SK,57.2067,-105.6592,Radium-226,Radium-226,MBq,NRM | NRS,64.7,,,
2016,1148,Cameco,Key Lake,Saskatoon,,,,SK,57.2067,-105.6592,Lead-210,Plomb-210,MBq,NRM | NRS,53.9,,,
2016,1148,Cameco,Key Lake,Saskatoon,,,,SK,57.2067,-105.6592,Polonium-210,Polonium-210,MBq,NRM | NRS,15.4,,,
2016,1149,Cameco,McArthur River,Saskatoon,,,,SK,57.7625,-105.0519,Uranium,Uranium,kg,NRM | NRS,12.8,,,
2016,1149,Cameco,McArthur River,Saskatoon,,,,SK,57.7625,-105.0519,Thorium-230,Thorium-230,MBq,NRM | NRS,26.7,,,
2016,1149,Cameco,McArthur River,Saskatoon,,,,SK,57.7625,-105.0519,Radium-226,Radium-226,MBq,NRM | NRS,162.4,,,
2016,1149,Cameco,McArthur River,Saskatoon,,,,SK,57.7625,-105.0519,Lead-210,Plomb-210,MBq,NRM | NRS,51.6,,,
2016,1149,Cameco,McArthur River,Saskatoon,,,,SK,57.7625,-105.0519,Polonium-210,Polonium-210,MBq,NRM | NRS,100.5,,,
2016,19397,Cameco,Cigar Lake,Saskatoon,,,,SK,58.0686,-104.5406,Uranium,Uranium,kg,NRM | NRS,2.4,,,
2016,19397,Cameco,Cigar Lake,Saskatoon,,,,SK,58.0686,-104.5406,Thorium-230,Thorium-230,MBq,NRM | NRS,3.8,,,
2016,19397,Cameco,Cigar Lake,Saskatoon,,,,SK,58.0686,-104.5406,Radium-226,Radium-226,MBq,NRM | NRS,2.7,,,
2016,19397,Cameco,Cigar Lake,Saskatoon,,,,SK,58.0686,-104.5406,Lead-210,Plomb-210,MBq,NRM | NRS,8.7,,,
2016,19397,Cameco,Cigar Lake,Saskatoon,,,,SK,58.0686,-104.5406,Polonium-210,Polonium-210,MBq,NRM | NRS,6.4,,,
2016,4866,Orano,McClean Lake,Saskatoon,,,,SK,58.2611,-103.8025,Uranium,Uranium,kg,NRM | NRS,6.5,,,
2016,4866,Orano,McClean Lake,Saskatoon,,,,SK,58.2611,-103.8025,Thorium-230,Thorium-230,MBq,NRM | NRS,20.2,,,
2016,4866,Orano,McClean Lake,Saskatoon,,,,SK,58.2611,-103.8025,Radium-226,Radium-226,MBq,NRM | NRS,12.0,,,
2016,4866,Orano,McClean Lake,Saskatoon,,,,SK,58.2611,-103.8025,Lead-210,Plomb-210,MBq,NRM | NRS,122.1,,,
2016,4866,Orano,McClean Lake,Saskatoon,,,,SK,58.2611,-103.8025,Polonium-210,Polonium-210,MBq,NRM | NRS,61.3,,,
2015,1147,Cameco,Rabbit Lake,Saskatoon,,,,SK,58.1978,-103.7136,Uranium,Uranium,kg,NRM | NRS,220.7,,,
2015,1147,Cameco,Rabbit Lake,Saskatoon,,,,SK,58.1978,-103.7136,Thorium-230,Thorium-230,MBq,NRM | NRS,84.9,,,
2015,1147,Cameco,Rabbit Lake,Saskatoon,,,,SK,58.1978,-103.7136,Radium-226,Radium-226,MBq,NRM | NRS,30.0,,,
2015,1147,Cameco,Rabbit Lake,Saskatoon,,,,SK,58.1978,-103.7136,Lead-210,Plomb-210,MBq,NRM | NRS,339.5,,,
2015,1147,Cameco,Rabbit Lake,Saskatoon,,,,SK,58.1978,-103.7136,Polonium-210,Polonium-210,MBq,NRM | NRS,106.1,,,
2015,1148,Cameco,Key Lake,Saskatoon,,,,SK,57.2067,-105.6592,Uranium,Uranium,kg,NRM | NRS,20.6,,,
2015,1148,Cameco,Key Lake,Saskatoon,,,,SK,57.2067,-105.6592,Thorium-230,Thorium-230,MBq,NRM | NRS,65.8,,,
2015,1148,Cameco,Key Lake,Saskatoon,,,,SK,57.2067,-105.6592,Radium-226,Radium-226,MBq,NRM | NRS,81.4,,,
2015,1148,Cameco,Key Lake,Saskatoon,,,,SK,57.2067,-105.6592,Lead-210,Plomb-210,MBq,NRM | NRS,75.2,,,
2015,1148,Cameco,Key Lake,Saskatoon,,,,SK,57.2067,-105.6592,Polonium-210,Polonium-210,MBq,NRM | NRS,16.4,,,
2015,1149,Cameco,McArthur River,Saskatoon,,,,SK,57.7625,-105.0519,Uranium,Uranium,kg,NRM | NRS,21.3,,,
2015,1149,Cameco,McArthur River,Saskatoon,,,,SK,57.7625,-105.0519,Thorium-230,Thorium-230,MBq,NRM | NRS,23.6,,,
2015,1149,Cameco,McArthur River,Saskatoon,,,,SK,57.7625,-105.0519,Radium-226,Radium-226,MBq,NRM | NRS,167.2,,,
2015,1149,Cameco,McArthur River,Saskatoon,,,,SK,57.7625,-105.0519,Lead-210,Plomb-210,MBq,NRM | NRS,55.9,,,
2015,1149,Cameco,McArthur River,Saskatoon,,,,SK,57.7625,-105.0519,Polonium-210,Polonium-210,MBq,NRM | NRS,184.4,,,
2015,19397,Cameco,Cigar Lake,Saskatoon,,,,SK,58.0686,-104.5406,Uranium,Uranium,kg,NRM | NRS,38.0,,,
2015,19397,Cameco,Cigar Lake,Saskatoon,,,,SK,58.0686,-104.5406,Thorium-230,Thorium-230,MBq,NRM | NRS,3.7,,,
2015,19397,Cameco,Cigar Lake,Saskatoon,,,,SK,58.0686,-104.5406,Radium-226,Radium-226,MBq,NRM | NRS,3.1,,,
2015,19397,Cameco,Cigar Lake,Saskatoon,,,,SK,58.0686,-104.5406,Lead-210,Plomb-210,MBq,NRM | NRS,8.0,,,
2015,19397,Cameco,Cigar Lake,Saskatoon,,,,SK,58.0686,-104.5406,Polonium-210,Polonium-210,MBq,NRM | NRS,10.7,,,
2015,4866,Orano,McClean Lake,Saskatoon,,,,SK,58.2611,-103.8025,Uranium,Uranium,kg,NRM | NRS,5.5,,,
2015,4866,Orano,McClean Lake,Saskatoon,,,,SK,58.2611,-103.8025,Thorium-230,Thorium-230,MBq,NRM | NRS,16.4,,,
2015,4866,Orano,McClean Lake,Saskatoon,,,,SK,58.2611,-103.8025,Radium-226,Radium-226,MBq,NRM | NRS,10.8,,,
2015,4866,Orano,McClean Lake,Saskatoon,,,,SK,58.2611,-103.8025,Lead-210,Plomb-210,MBq,NRM | NRS,54.5,,,
2015,4866,Orano,McClean Lake,Saskatoon,,,,SK,58.2611,-103.8025,Polonium-210,Polonium-210,MBq,NRM | NRS,26.3,,,
2014,1147,Cameco,Rabbit Lake,Saskatoon,,,,SK,58.1978,-103.7136,Uranium,Uranium,kg,NRM | NRS,199.7,,,
2014,1147,Cameco,Rabbit Lake,Saskatoon,,,,SK,58.1978,-103.7136,Thorium-230,Thorium-230,MBq,NRM | NRS,96.7,,,
2014,1147,Cameco,Rabbit Lake,Saskatoon,,,,SK,58.1978,-103.7136,Radium-226,Radium-226,MBq,NRM | NRS,41.0,,,
2014,1147,Cameco,Rabbit Lake,Saskatoon,,,,SK,58.1978,-103.7136,Lead-210,Plomb-210,MBq,NRM | NRS,96.7,,,
2014,1147,Cameco,Rabbit Lake,Saskatoon,,,,SK,58.1978,-103.7136,Polonium-210,Polonium-210,MBq,NRM | NRS,96.7,,,
2014,1148,Cameco,Key Lake,Saskatoon,,,,SK,57.2067,-105.6592,Uranium,Uranium,kg,NRM | NRS,15.4,,,
2014,1148,Cameco,Key Lake,Saskatoon,,,,SK,57.2067,-105.6592,Thorium-230,Thorium-230,MBq,NRM | NRS,48.2,,,
2014,1148,Cameco,Key Lake,Saskatoon,,,,SK,57.2067,-105.6592,Radium-226,Radium-226,MBq,NRM | NRS,73.0,,,
2014,1148,Cameco,Key Lake,Saskatoon,,,,SK,57.2067,-105.6592,Lead-210,Plomb-210,MBq,NRM | NRS,90.7,,,
2014,1148,Cameco,Key Lake,Saskatoon,,,,SK,57.2067,-105.6592,Polonium-210,Polonium-210,MBq,NRM | NRS,82.2,,,
2014,1149,Cameco,McArthur River,Saskatoon,,,,SK,57.7625,-105.0519,Uranium,Uranium,kg,NRM | NRS,23.1,,,
2014,1149,Cameco,McArthur River,Saskatoon,,,,SK,57.7625,-105.0519,Thorium-230,Thorium-230,MBq,NRM | NRS,22.7,,,
2014,1149,Cameco,McArthur River,Saskatoon,,,,SK,57.7625,-105.0519,Radium-226,Radium-226,MBq,NRM | NRS,121.9,,,
2014,1149,Cameco,McArthur River,Saskatoon,,,,SK,57.7625,-105.0519,Lead-210,Plomb-210,MBq,NRM | NRS,51.0,,,
2014,1149,Cameco,McArthur River,Saskatoon,,,,SK,57.7625,-105.0519,Polonium-210,Polonium-210,MBq,NRM | NRS,92.7,,,
2014,19397,Cameco,Cigar Lake,Saskatoon,,,,SK,58.0686,-104.5406,Uranium,Uranium,kg,NRM | NRS,6.6,,,
2014,19397,Cameco,Cigar Lake,Saskatoon,,,,SK,58.0686,-104.5406,Thorium-230,Thorium-230,MBq,NRM | NRS,2.0,,,
2014,19397,Cameco,Cigar Lake,Saskatoon,,,,SK,58.0686,-104.5406,Radium-226,Radium-226,MBq,NRM | NRS,2.7,,,
2014,19397,Cameco,Cigar Lake,Saskatoon,,,,SK,58.0686,-104.5406,Lead-210,Plomb-210,MBq,NRM | NRS,8.5,,,
2014,19397,Cameco,Cigar Lake,Saskatoon,,,,SK,58.0686,-104.5406,Polonium-210,Polonium-210,MBq,NRM | NRS,7.6,,,
2014,4866,Orano,McClean Lake,Saskatoon,,,,SK,58.2611,-103.8025,Uranium,Uranium,kg,NRM | NRS,2.3,,,
2014,4866,Orano,McClean Lake,Saskatoon,,,,SK,58.2611,-103.8025,Thorium-230,Thorium-230,MBq,NRM | NRS,12.1,,,
2014,4866,Orano,McClean Lake,Saskatoon,,,,SK,58.2611,-103.8025,Radium-226,Radium-226,MBq,NRM | NRS,7.2,,,
2014,4866,Orano,McClean Lake,Saskatoon,,,,SK,58.2611,-103.8025,Lead-210,Plomb-210,MBq,NRM | NRS,48.6,,,
2014,4866,Orano,McClean Lake,Saskatoon,,,,SK,58.2611,-103.8025,Polonium-210,Polonium-210,MBq,NRM | NRS,13.3,,,
2013,1147,Cameco,Rabbit Lake,Saskatoon,,,,SK,58.1978,-103.7136,Uranium,Uranium,kg,NRM | NRS,266.8,,,
2013,1147,Cameco,Rabbit Lake,Saskatoon,,,,SK,58.1978,-103.7136,Thorium-230,Thorium-230,MBq,NRM | NRS,85.0,,,
2013,1147,Cameco,Rabbit Lake,Saskatoon,,,,SK,58.1978,-103.7136,Radium-226,Radium-226,MBq,NRM | NRS,32.7,,,
2013,1147,Cameco,Rabbit Lake,Saskatoon,,,,SK,58.1978,-103.7136,Lead-210,Plomb-210,MBq,NRM | NRS,DL,Loadings were less than the detection limit | Les rejets étaient inférieurs à la limite de détection,,
2013,1147,Cameco,Rabbit Lake,Saskatoon,,,,SK,58.1978,-103.7136,Polonium-210,Polonium-210,MBq,NRM | NRS,138.2,,,
2013,1148,Cameco,Key Lake,Saskatoon,,,,SK,57.2067,-105.6592,Uranium,Uranium,kg,NRM | NRS,24.2,,,
2013,1148,Cameco,Key Lake,Saskatoon,,,,SK,57.2067,-105.6592,Thorium-230,Thorium-230,MBq,NRM | NRS,88.3,,,
2013,1148,Cameco,Key Lake,Saskatoon,,,,SK,57.2067,-105.6592,Radium-226,Radium-226,MBq,NRM | NRS,86.6,,,
2013,1148,Cameco,Key Lake,Saskatoon,,,,SK,57.2067,-105.6592,Lead-210,Plomb-210,MBq,NRM | NRS,97.5,,,
2013,1148,Cameco,Key Lake,Saskatoon,,,,SK,57.2067,-105.6592,Polonium-210,Polonium-210,MBq,NRM | NRS,31.5,,,
2013,1149,Cameco,McArthur River,Saskatoon,,,,SK,57.7625,-105.0519,Uranium,Uranium,kg,NRM | NRS,24.8,,,
2013,1149,Cameco,McArthur River,Saskatoon,,,,SK,57.7625,-105.0519,Thorium-230,Thorium-230,MBq,NRM | NRS,22.7,,,
2013,1149,Cameco,McArthur River,Saskatoon,,,,SK,57.7625,-105.0519,Radium-226,Radium-226,MBq,NRM | NRS,155.8,,,
2013,1149,Cameco,McArthur River,Saskatoon,,,,SK,57.7625,-105.0519,Lead-210,Plomb-210,MBq,NRM | NRS,45.5,,,
2013,1149,Cameco,McArthur River,Saskatoon,,,,SK,57.7625,-105.0519,Polonium-210,Polonium-210,MBq,NRM | NRS,106.8,,,
2013,19397,Cameco,Cigar Lake,Saskatoon,,,,SK,58.0686,-104.5406,Uranium,Uranium,kg,NRM | NRS,0.2,,,
2013,19397,Cameco,Cigar Lake,Saskatoon,,,,SK,58.0686,-104.5406,Thorium-230,Thorium-230,MBq,NRM | NRS,1.8,,,
2013,19397,Cameco,Cigar Lake,Saskatoon,,,,SK,58.0686,-104.5406,Radium-226,Radium-226,MBq,NRM | NRS,2.9,,,
2013,19397,Cameco,Cigar Lake,Saskatoon,,,,SK,58.0686,-104.5406,Lead-210,Plomb-210,MBq,NRM | NRS,14.1,,,
2013,19397,Cameco,Cigar Lake,Saskatoon,,,,SK,58.0686,-104.5406,Polonium-210,Polonium-210,MBq,NRM | NRS,3.6,,,
2013,4866,Orano,McClean Lake,Saskatoon,,,,SK,58.2611,-103.8025,Uranium,Uranium,kg,NRM | NRS,1.8,,,
2013,4866,Orano,McClean Lake,Saskatoon,,,,SK,58.2611,-103.8025,Thorium-230,Thorium-230,MBq,NRM | NRS,19.6,,,
2013,4866,Orano,McClean Lake,Saskatoon,,,,SK,58.2611,-103.8025,Radium-226,Radium-226,MBq,NRM | NRS,6.0,,,
2013,4866,Orano,McClean Lake,Saskatoon,,,,SK,58.2611,-103.8025,Lead-210,Plomb-210,MBq,NRM | NRS,74.4,,,
2013,4866,Orano,McClean Lake,Saskatoon,,,,SK,58.2611,-103.8025,Polonium-210,Polonium-210,MBq,NRM | NRS,17.7,,,
